Date,Product,Daily_Sales,Current_Stock,Promotion_Active,External_Temperature,Day_of_Week
2024-01-01,Yaourt,89,128,0,12.5,1
2024-01-02,Yaourt,85,128,0,8.8,2
2024-01-03,Yaourt,81,153,0,5.6,3
2024-01-04,Yaourt,81,112,0,7.1,4
2024-01-05,Yaourt,85,131,0,10.1,5
2024-01-06,Yaourt,93,163,0,11.1,6
2024-01-07,Yaourt,97,136,0,7.3,7
2024-01-08,Yaourt,99,131,1,8.5,1
2024-01-09,Yaourt,93,132,0,7.0,2
2024-01-10,Yaourt,82,109,0,13.9,3
2024-01-11,Yaourt,82,106,0,14.1,4
2024-01-12,Yaourt,78,115,0,11.6,5
2024-01-13,Yaourt,118,144,1,11.1,6
2024-01-14,Yaourt,134,174,1,13.9,7
2024-01-15,Yaourt,76,121,0,2.6,1
2024-01-16,Yaourt,92,139,0,10.5,2
2024-01-17,Yaourt,97,149,0,12.9,3
2024-01-18,Yaourt,92,139,0,13.5,4
2024-01-19,Yaourt,97,164,0,11.7,5
2024-01-20,Yaourt,95,157,0,17.3,6
2024-01-21,Yaourt,104,159,0,14.2,7
2024-01-22,Yaourt,91,136,0,5.3,1
2024-01-23,Yaourt,87,118,0,0.0,2
2024-01-24,Yaourt,88,138,0,10.8,3
2024-01-25,Yaourt,88,122,0,6.1,4
2024-01-26,Yaourt,91,168,0,6.1,5
2024-01-27,Yaourt,104,179,0,13.5,6
2024-01-28,Yaourt,90,128,0,9.5,7
2024-01-29,Yaourt,96,143,0,10.5,1
2024-01-30,Yaourt,89,134,0,13.6,2
2024-01-31,Yaourt,103,160,1,16.4,3
2024-02-01,Yaourt,79,130,0,10.6,4
2024-02-02,Yaourt,92,165,1,8.3,5
2024-02-03,Yaourt,88,155,0,11.5,6
2024-02-04,Yaourt,88,110,0,5.8,7
2024-02-05,Yaourt,76,143,0,4.6,1
2024-02-06,Yaourt,91,141,0,9.7,2
2024-02-07,Yaourt,90,152,0,9.0,3
2024-02-08,Yaourt,80,154,0,19.8,4
2024-02-09,Yaourt,91,134,0,6.1,5
2024-02-10,Yaourt,99,166,0,11.8,6
2024-02-11,Yaourt,99,134,0,7.8,7
2024-02-12,Yaourt,84,122,0,10.5,1
2024-02-13,Yaourt,96,122,0,14.4,2
2024-02-14,Yaourt,83,119,0,12.7,3
2024-02-15,Yaourt,97,166,0,12.4,4
2024-02-16,Yaourt,81,157,0,14.1,5
2024-02-17,Yaourt,104,135,1,1.4,6
2024-02-18,Yaourt,103,163,0,15.0,7
2024-02-19,Yaourt,98,141,1,16.5,1
2024-02-20,Yaourt,102,169,1,14.6,2
2024-02-21,Yaourt,83,148,0,11.5,3
2024-02-22,Yaourt,99,159,0,19.3,4
2024-02-23,Yaourt,82,109,0,3.3,5
2024-02-24,Yaourt,107,138,0,12.1,6
2024-02-25,Yaourt,108,157,0,21.4,7
2024-02-26,Yaourt,102,148,1,9.6,1
2024-02-27,Yaourt,73,139,0,0.3,2
2024-02-28,Yaourt,82,120,0,3.0,3
2024-02-29,Yaourt,97,160,0,17.4,4
2024-03-01,Yaourt,93,135,0,8.9,5
2024-03-02,Yaourt,85,163,0,13.0,6
2024-03-03,Yaourt,102,144,0,7.7,7
2024-03-04,Yaourt,74,134,0,9.4,1
2024-03-05,Yaourt,92,134,0,10.9,2
2024-03-06,Yaourt,82,127,0,13.2,3
2024-03-07,Yaourt,74,102,0,4.9,4
2024-03-08,Yaourt,95,169,0,5.2,5
2024-03-09,Yaourt,88,166,0,2.2,6
2024-03-10,Yaourt,131,150,0,12.6,7
2024-03-11,Yaourt,82,151,0,9.2,1
2024-03-12,Yaourt,71,113,0,4.2,2
2024-03-13,Yaourt,93,133,0,4.0,3
2024-03-14,Yaourt,87,111,0,7.9,4
2024-03-15,Yaourt,74,101,0,11.8,5
2024-03-16,Yaourt,101,123,0,6.4,6
2024-03-17,Yaourt,100,153,0,8.0,7
2024-03-18,Yaourt,112,191,1,16.8,1
2024-03-19,Yaourt,67,111,0,3.5,2
2024-03-20,Yaourt,97,173,0,12.5,3
2024-03-21,Yaourt,94,167,0,9.4,4
2024-03-22,Yaourt,102,136,0,14.7,5
2024-03-23,Yaourt,108,156,0,20.7,6
2024-03-24,Yaourt,88,144,0,2.4,7
2024-03-25,Yaourt,80,146,0,8.3,1
2024-03-26,Yaourt,102,169,0,8.8,2
2024-03-27,Yaourt,95,150,0,7.3,3
2024-03-28,Yaourt,83,136,0,18.2,4
2024-03-29,Yaourt,94,158,0,10.0,5
2024-03-30,Yaourt,98,143,0,9.0,6
2024-03-31,Yaourt,109,160,0,13.0,7
2024-04-01,Yaourt,93,114,1,20.7,1
2024-04-02,Yaourt,98,146,0,12.5,2
2024-04-03,Yaourt,88,132,0,7.6,3
2024-04-04,Yaourt,94,119,0,4.4,4
2024-04-05,Yaourt,84,131,0,11.8,5
2024-04-06,Yaourt,106,160,1,9.5,6
2024-04-07,Yaourt,95,162,0,12.8,7
2024-04-08,Yaourt,89,139,0,6.9,1
2024-04-09,Yaourt,101,168,1,12.7,2
2024-04-10,Yaourt,99,148,0,15.7,3
2024-04-11,Yaourt,95,136,0,10.1,4
2024-04-12,Yaourt,83,143,0,7.1,5
2024-04-13,Yaourt,116,166,1,7.9,6
2024-04-14,Yaourt,103,175,0,10.5,7
2024-04-15,Yaourt,82,122,0,11.0,1
2024-04-16,Yaourt,96,160,0,13.9,2
2024-04-17,Yaourt,103,168,0,11.6,3
2024-04-18,Yaourt,85,142,0,12.1,4
2024-04-19,Yaourt,85,153,0,11.2,5
2024-04-20,Yaourt,92,156,0,2.1,6
2024-04-21,Yaourt,111,154,1,15.8,7
2024-04-22,Yaourt,90,127,0,1.3,1
2024-04-23,Yaourt,101,146,0,11.6,2
2024-04-24,Yaourt,70,139,0,6.4,3
2024-04-25,Yaourt,85,144,0,6.6,4
2024-04-26,Yaourt,100,176,0,14.2,5
2024-04-27,Yaourt,97,154,1,2.8,6
2024-04-28,Yaourt,113,177,1,16.8,7
2024-04-29,Yaourt,89,142,0,11.1,1
2024-04-30,Yaourt,88,155,0,7.6,2
2024-05-01,Yaourt,151,223,0,19.8,3
2024-05-02,Yaourt,150,178,1,29.2,4
2024-05-03,Yaourt,140,186,0,32.9,5
2024-05-04,Yaourt,155,202,0,16.0,6
2024-05-05,Yaourt,143,189,0,12.4,7
2024-05-06,Yaourt,132,156,0,18.8,1
2024-05-07,Yaourt,159,227,1,15.4,2
2024-05-08,Yaourt,134,207,0,15.8,3
2024-05-09,Yaourt,130,171,0,23.5,4
2024-05-10,Yaourt,148,208,0,23.3,5
2024-05-11,Yaourt,136,161,0,14.0,6
2024-05-12,Yaourt,164,186,0,23.7,7
2024-05-13,Yaourt,158,187,1,29.6,1
2024-05-14,Yaourt,127,147,0,15.2,2
2024-05-15,Yaourt,142,210,0,22.6,3
2024-05-16,Yaourt,122,190,0,4.6,4
2024-05-17,Yaourt,148,196,0,22.8,5
2024-05-18,Yaourt,160,201,0,24.1,6
2024-05-19,Yaourt,161,231,0,25.2,7
2024-05-20,Yaourt,157,225,1,23.2,1
2024-05-21,Yaourt,142,195,0,13.3,2
2024-05-22,Yaourt,121,200,0,23.0,3
2024-05-23,Yaourt,123,171,0,23.1,4
2024-05-24,Yaourt,130,183,0,13.5,5
2024-05-25,Yaourt,151,213,0,14.4,6
2024-05-26,Yaourt,147,220,0,21.4,7
2024-05-27,Yaourt,143,165,0,13.2,1
2024-05-28,Yaourt,139,161,1,19.4,2
2024-05-29,Yaourt,140,209,0,24.3,3
2024-05-30,Yaourt,130,149,0,17.9,4
2024-05-31,Yaourt,145,213,1,11.3,5
2024-06-01,Yaourt,156,231,0,31.8,6
2024-06-02,Yaourt,154,215,0,31.8,7
2024-06-03,Yaourt,136,207,0,26.3,1
2024-06-04,Yaourt,126,170,0,19.3,2
2024-06-05,Yaourt,151,196,0,23.0,3
2024-06-06,Yaourt,142,208,0,24.9,4
2024-06-07,Yaourt,120,193,0,16.2,5
2024-06-08,Yaourt,146,204,0,21.1,6
2024-06-09,Yaourt,141,172,0,22.4,7
2024-06-10,Yaourt,151,215,0,30.4,1
2024-06-11,Yaourt,143,208,0,34.9,2
2024-06-12,Yaourt,148,208,0,19.8,3
2024-06-13,Yaourt,138,216,0,25.6,4
2024-06-14,Yaourt,137,161,0,15.0,5
2024-06-15,Yaourt,141,189,1,21.0,6
2024-06-16,Yaourt,141,196,0,22.2,7
2024-06-17,Yaourt,142,214,0,26.0,1
2024-06-18,Yaourt,130,206,0,18.4,2
2024-06-19,Yaourt,153,217,0,23.4,3
2024-06-20,Yaourt,140,177,0,18.7,4
2024-06-21,Yaourt,134,153,0,25.2,5
2024-06-22,Yaourt,148,177,0,14.4,6
2024-06-23,Yaourt,151,175,0,21.0,7
2024-06-24,Yaourt,131,194,0,17.7,1
2024-06-25,Yaourt,132,188,0,25.1,2
2024-06-26,Yaourt,142,192,0,33.9,3
2024-06-27,Yaourt,139,192,0,22.8,4
2024-06-28,Yaourt,141,189,0,22.9,5
2024-06-29,Yaourt,146,194,0,23.7,6
2024-06-30,Yaourt,149,182,0,19.8,7
2024-07-01,Yaourt,144,187,1,11.0,1
2024-07-02,Yaourt,151,201,0,19.5,2
2024-07-03,Yaourt,127,161,0,12.6,3
2024-07-04,Yaourt,138,159,0,12.7,4
2024-07-05,Yaourt,142,211,0,26.5,5
2024-07-06,Yaourt,134,195,0,12.7,6
2024-07-07,Yaourt,146,216,0,23.7,7
2024-07-08,Yaourt,164,240,1,24.4,1
2024-07-09,Yaourt,127,149,0,16.5,2
2024-07-10,Yaourt,159,210,1,29.5,3
2024-07-11,Yaourt,130,194,0,22.4,4
2024-07-12,Yaourt,129,152,0,20.7,5
2024-07-13,Yaourt,134,180,0,9.1,6
2024-07-14,Yaourt,161,223,0,28.9,7
2024-07-15,Yaourt,157,216,1,27.9,1
2024-07-16,Yaourt,142,207,0,13.1,2
2024-07-17,Yaourt,142,179,0,25.8,3
2024-07-18,Yaourt,149,180,1,21.0,4
2024-07-19,Yaourt,148,175,0,28.0,5
2024-07-20,Yaourt,162,202,1,30.0,6
2024-07-21,Yaourt,141,183,0,18.9,7
2024-07-22,Yaourt,152,179,0,34.7,1
2024-07-23,Yaourt,140,184,0,18.0,2
2024-07-24,Yaourt,120,150,0,16.9,3
2024-07-25,Yaourt,144,189,0,21.7,4
2024-07-26,Yaourt,130,199,0,14.5,5
2024-07-27,Yaourt,137,209,0,24.4,6
2024-07-28,Yaourt,152,193,0,20.8,7
2024-07-29,Yaourt,130,165,0,18.6,1
2024-07-30,Yaourt,145,213,1,18.0,2
2024-07-31,Yaourt,124,194,0,16.7,3
2024-08-01,Yaourt,137,185,0,23.0,4
2024-08-02,Yaourt,144,181,0,14.8,5
2024-08-03,Yaourt,132,200,0,28.9,6
2024-08-04,Yaourt,154,180,0,30.0,7
2024-08-05,Yaourt,126,204,0,15.0,1
2024-08-06,Yaourt,125,167,0,28.1,2
2024-08-07,Yaourt,137,188,0,22.5,3
2024-08-08,Yaourt,148,190,0,30.6,4
2024-08-09,Yaourt,144,166,0,25.6,5
2024-08-10,Yaourt,134,162,0,13.5,6
2024-08-11,Yaourt,167,233,1,13.7,7
2024-08-12,Yaourt,141,162,0,14.5,1
2024-08-13,Yaourt,136,193,0,14.2,2
2024-08-14,Yaourt,157,211,1,18.9,3
2024-08-15,Yaourt,141,177,0,26.9,4
2024-08-16,Yaourt,124,145,0,33.4,5
2024-08-17,Yaourt,148,210,0,15.3,6
2024-08-18,Yaourt,154,206,1,16.8,7
2024-08-19,Yaourt,135,179,0,13.9,1
2024-08-20,Yaourt,145,185,0,31.1,2
2024-08-21,Yaourt,146,222,0,23.3,3
2024-08-22,Yaourt,147,186,0,35.8,4
2024-08-23,Yaourt,120,199,0,23.9,5
2024-08-24,Yaourt,146,176,0,22.7,6
2024-08-25,Yaourt,133,191,0,17.4,7
2024-08-26,Yaourt,141,183,0,24.7,1
2024-08-27,Yaourt,139,194,0,22.5,2
2024-08-28,Yaourt,134,169,0,15.8,3
2024-08-29,Yaourt,147,192,0,34.8,4
2024-08-30,Yaourt,126,146,0,11.4,5
2024-08-31,Yaourt,155,213,0,31.9,6
2024-09-01,Yaourt,159,194,1,26.9,7
2024-09-02,Yaourt,142,177,0,21.6,1
2024-09-03,Yaourt,144,186,0,23.9,2
2024-09-04,Yaourt,164,200,1,26.2,3
2024-09-05,Yaourt,143,207,1,14.4,4
2024-09-06,Yaourt,137,173,0,20.4,5
2024-09-07,Yaourt,150,183,1,23.4,6
2024-09-08,Yaourt,144,171,0,23.8,7
2024-09-09,Yaourt,141,178,0,27.6,1
2024-09-10,Yaourt,149,192,0,33.0,2
2024-09-11,Yaourt,133,189,0,19.8,3
2024-09-12,Yaourt,138,195,0,9.4,4
2024-09-13,Yaourt,124,167,0,24.1,5
2024-09-14,Yaourt,162,224,0,22.7,6
2024-09-15,Yaourt,168,222,1,22.4,7
2024-09-16,Yaourt,133,196,0,21.9,1
2024-09-17,Yaourt,117,165,0,13.6,2
2024-09-18,Yaourt,136,205,0,22.0,3
2024-09-19,Yaourt,127,147,0,17.0,4
2024-09-20,Yaourt,130,207,0,20.8,5
2024-09-21,Yaourt,152,217,1,21.2,6
2024-09-22,Yaourt,165,190,1,26.2,7
2024-09-23,Yaourt,142,206,0,22.8,1
2024-09-24,Yaourt,147,222,1,19.9,2
2024-09-25,Yaourt,146,214,1,19.5,3
2024-09-26,Yaourt,151,229,0,34.5,4
2024-09-27,Yaourt,139,181,0,29.1,5
2024-09-28,Yaourt,155,220,0,21.6,6
2024-09-29,Yaourt,156,234,0,21.3,7
2024-09-30,Yaourt,148,226,0,24.7,1
2024-10-01,Yaourt,77,155,0,5.2,2
2024-10-02,Yaourt,102,181,0,9.8,3
2024-10-03,Yaourt,108,130,1,10.2,4
2024-10-04,Yaourt,84,148,0,16.6,5
2024-10-05,Yaourt,124,171,1,10.8,6
2024-10-06,Yaourt,105,166,0,14.1,7
2024-10-07,Yaourt,84,108,0,11.6,1
2024-10-08,Yaourt,80,129,0,8.1,2
2024-10-09,Yaourt,92,123,0,5.9,3
2024-10-10,Yaourt,89,139,0,11.0,4
2024-10-11,Yaourt,89,114,0,8.9,5
2024-10-12,Yaourt,101,179,0,12.7,6
2024-10-13,Yaourt,95,133,0,12.8,7
2024-10-14,Yaourt,88,123,0,7.8,1
2024-10-15,Yaourt,99,139,0,13.8,2
2024-10-16,Yaourt,99,165,1,7.6,3
2024-10-17,Yaourt,85,115,0,11.8,4
2024-10-18,Yaourt,95,125,0,7.8,5
2024-10-19,Yaourt,111,158,0,7.2,6
2024-10-20,Yaourt,108,137,0,10.4,7
2024-10-21,Yaourt,103,138,0,15.6,1
2024-10-22,Yaourt,104,142,1,12.2,2
2024-10-23,Yaourt,88,108,1,2.4,3
2024-10-24,Yaourt,85,139,0,15.8,4
2024-10-25,Yaourt,86,120,0,10.4,5
2024-10-26,Yaourt,95,138,0,22.6,6
2024-10-27,Yaourt,103,168,0,11.7,7
2024-10-28,Yaourt,87,149,0,8.1,1
2024-10-29,Yaourt,97,129,0,16.2,2
2024-10-30,Yaourt,107,134,0,18.2,3
2024-10-31,Yaourt,76,149,0,9.8,4
2024-11-01,Yaourt,78,109,0,14.5,5
2024-11-02,Yaourt,88,125,0,9.4,6
2024-11-03,Yaourt,104,167,0,22.4,7
2024-11-04,Yaourt,93,152,0,11.3,1
2024-11-05,Yaourt,79,117,0,10.0,2
2024-11-06,Yaourt,99,151,1,15.9,3
2024-11-07,Yaourt,85,136,0,5.6,4
2024-11-08,Yaourt,95,151,0,7.6,5
2024-11-09,Yaourt,110,163,0,19.0,6
2024-11-10,Yaourt,108,130,1,10.5,7
2024-11-11,Yaourt,96,145,0,11.1,1
2024-11-12,Yaourt,110,179,1,19.1,2
2024-11-13,Yaourt,98,123,0,16.3,3
2024-11-14,Yaourt,106,147,0,13.3,4
2024-11-15,Yaourt,91,151,0,20.4,5
2024-11-16,Yaourt,101,132,0,18.4,6
2024-11-17,Yaourt,90,163,0,4.8,7
2024-11-18,Yaourt,74,121,0,12.5,1
2024-11-19,Yaourt,82,116,0,13.1,2
2024-11-20,Yaourt,86,135,1,8.7,3
2024-11-21,Yaourt,90,137,0,15.7,4
2024-11-22,Yaourt,98,152,0,2.2,5
2024-11-23,Yaourt,87,159,0,1.8,6
2024-11-24,Yaourt,81,120,0,3.6,7
2024-11-25,Yaourt,89,155,0,6.9,1
2024-11-26,Yaourt,105,125,0,18.3,2
2024-11-27,Yaourt,87,159,0,11.6,3
2024-11-28,Yaourt,96,139,0,9.2,4
2024-11-29,Yaourt,87,131,0,6.6,5
2024-11-30,Yaourt,102,177,0,3.5,6
2024-12-01,Yaourt,88,116,0,3.0,7
2024-12-02,Yaourt,82,102,0,0.0,1
2024-12-03,Yaourt,99,174,1,20.9,2
2024-12-04,Yaourt,84,139,0,8.3,3
2024-12-05,Yaourt,73,147,0,12.5,4
2024-12-06,Yaourt,112,174,1,11.8,5
2024-12-07,Yaourt,108,136,1,7.4,6
2024-12-08,Yaourt,101,175,0,13.6,7
2024-12-09,Yaourt,81,133,0,6.9,1
2024-12-10,Yaourt,86,157,0,7.1,2
2024-12-11,Yaourt,94,138,0,19.9,3
2024-12-12,Yaourt,94,160,0,14.6,4
2024-12-13,Yaourt,82,124,0,0.0,5
2024-12-14,Yaourt,99,168,0,5.3,6
2024-12-15,Yaourt,94,150,0,13.0,7
2024-12-16,Yaourt,89,162,0,9.0,1
2024-12-17,Yaourt,89,126,0,9.7,2
2024-12-18,Yaourt,94,125,0,14.8,3
2024-12-19,Yaourt,99,118,1,11.0,4
2024-12-20,Yaourt,81,105,0,13.2,5
2024-12-21,Yaourt,98,123,0,0.7,6
2024-12-22,Yaourt,110,142,1,14.0,7
2024-12-23,Yaourt,101,123,0,11.7,1
2024-12-24,Yaourt,110,148,1,16.1,2
2024-12-25,Yaourt,96,133,0,13.0,3
2024-12-26,Yaourt,94,120,0,8.4,4
2024-12-27,Yaourt,70,148,0,3.6,5
2024-12-28,Yaourt,116,169,0,21.1,6
2024-12-29,Yaourt,113,177,0,18.2,7
2024-12-30,Yaourt,113,133,1,25.7,1
2024-12-31,Yaourt,86,117,0,7.7,2
2024-01-01,Salade,39,93,0,10.4,1
2024-01-02,Salade,58,127,0,16.9,2
2024-01-03,Salade,63,125,0,10.9,3
2024-01-04,Salade,62,96,1,8.7,4
2024-01-05,Salade,36,69,0,9.5,5
2024-01-06,Salade,50,96,0,1.5,6
2024-01-07,Salade,64,125,0,10.3,7
2024-01-08,Salade,60,83,0,17.6,1
2024-01-09,Salade,59,121,0,10.5,2
2024-01-10,Salade,38,112,0,10.5,3
2024-01-11,Salade,62,100,1,7.2,4
2024-01-12,Salade,53,127,0,17.0,5
2024-01-13,Salade,55,95,0,5.0,6
2024-01-14,Salade,59,86,0,10.2,7
2024-01-15,Salade,48,108,0,4.7,1
2024-01-16,Salade,53,108,0,8.6,2
2024-01-17,Salade,57,114,1,15.3,3
2024-01-18,Salade,48,99,0,6.6,4
2024-01-19,Salade,41,104,0,4.3,5
2024-01-20,Salade,60,127,0,8.2,6
2024-01-21,Salade,48,77,0,4.7,7
2024-01-22,Salade,35,78,0,7.2,1
2024-01-23,Salade,58,115,0,6.0,2
2024-01-24,Salade,48,105,0,15.2,3
2024-01-25,Salade,46,105,0,1.9,4
2024-01-26,Salade,66,118,0,15.7,5
2024-01-27,Salade,46,113,0,6.8,6
2024-01-28,Salade,68,118,0,12.5,7
2024-01-29,Salade,53,125,0,15.2,1
2024-01-30,Salade,35,55,0,8.8,2
2024-01-31,Salade,58,85,0,18.4,3
2024-02-01,Salade,58,105,1,5.9,4
2024-02-02,Salade,49,98,0,5.0,5
2024-02-03,Salade,62,92,0,17.9,6
2024-02-04,Salade,61,102,0,9.9,7
2024-02-05,Salade,53,112,1,4.5,1
2024-02-06,Salade,51,90,0,6.2,2
2024-02-07,Salade,47,98,0,6.3,3
2024-02-08,Salade,68,101,0,10.8,4
2024-02-09,Salade,44,103,0,8.5,5
2024-02-10,Salade,55,96,0,0.8,6
2024-02-11,Salade,56,134,0,12.2,7
2024-02-12,Salade,62,123,1,8.1,1
2024-02-13,Salade,62,123,0,21.0,2
2024-02-14,Salade,52,122,0,11.3,3
2024-02-15,Salade,54,99,0,7.3,4
2024-02-16,Salade,66,95,1,4.8,5
2024-02-17,Salade,71,125,1,8.9,6
2024-02-18,Salade,68,133,1,4.9,7
2024-02-19,Salade,38,81,0,10.1,1
2024-02-20,Salade,48,70,0,6.0,2
2024-02-21,Salade,50,82,0,12.5,3
2024-02-22,Salade,47,109,0,13.6,4
2024-02-23,Salade,64,133,0,17.7,5
2024-02-24,Salade,55,84,0,3.3,6
2024-02-25,Salade,72,113,0,13.2,7
2024-02-26,Salade,42,107,0,7.2,1
2024-02-27,Salade,44,67,0,11.5,2
2024-02-28,Salade,48,126,0,3.6,3
2024-02-29,Salade,40,97,0,14.7,4
2024-03-01,Salade,57,110,0,14.4,5
2024-03-02,Salade,39,94,0,4.1,6
2024-03-03,Salade,59,104,0,12.1,7
2024-03-04,Salade,50,92,0,16.8,1
2024-03-05,Salade,39,79,0,10.5,2
2024-03-06,Salade,58,114,0,12.1,3
2024-03-07,Salade,53,131,0,9.9,4
2024-03-08,Salade,66,137,0,9.9,5
2024-03-09,Salade,53,131,0,4.0,6
2024-03-10,Salade,67,114,0,15.5,7
2024-03-11,Salade,64,124,1,17.4,1
2024-03-12,Salade,55,76,1,11.5,2
2024-03-13,Salade,38,115,0,2.0,3
2024-03-14,Salade,46,119,0,14.0,4
2024-03-15,Salade,53,87,0,13.7,5
2024-03-16,Salade,77,101,1,9.4,6
2024-03-17,Salade,72,104,0,10.4,7
2024-03-18,Salade,57,92,0,15.5,1
2024-03-19,Salade,35,68,0,3.3,2
2024-03-20,Salade,29,102,0,4.6,3
2024-03-21,Salade,52,102,0,6.1,4
2024-03-22,Salade,52,111,0,14.7,5
2024-03-23,Salade,64,132,0,2.9,6
2024-03-24,Salade,48,91,0,5.7,7
2024-03-25,Salade,58,97,1,7.1,1
2024-03-26,Salade,39,71,0,9.6,2
2024-03-27,Salade,58,137,0,17.6,3
2024-03-28,Salade,42,100,0,11.1,4
2024-03-29,Salade,25,66,0,1.3,5
2024-03-30,Salade,58,127,0,11.6,6
2024-03-31,Salade,66,116,0,11.5,7
2024-04-01,Salade,128,194,0,13.7,1
2024-04-02,Salade,125,151,0,14.2,2
2024-04-03,Salade,142,193,0,11.9,3
2024-04-04,Salade,130,171,1,10.9,4
2024-04-05,Salade,137,177,0,18.6,5
2024-04-06,Salade,146,215,0,14.1,6
2024-04-07,Salade,129,184,0,7.9,7
2024-04-08,Salade,150,187,0,11.2,1
2024-04-09,Salade,134,160,0,15.0,2
2024-04-10,Salade,127,150,0,8.7,3
2024-04-11,Salade,131,192,0,8.2,4
2024-04-12,Salade,131,196,0,3.5,5
2024-04-13,Salade,137,168,0,4.0,6
2024-04-14,Salade,166,242,0,18.2,7
2024-04-15,Salade,113,187,0,2.8,1
2024-04-16,Salade,102,168,0,11.2,2
2024-04-17,Salade,144,197,1,18.6,3
2024-04-18,Salade,123,180,0,12.0,4
2024-04-19,Salade,128,202,0,15.8,5
2024-04-20,Salade,147,202,0,10.1,6
2024-04-21,Salade,160,203,0,17.7,7
2024-04-22,Salade,137,215,0,15.1,1
2024-04-23,Salade,121,163,0,15.5,2
2024-04-24,Salade,127,177,0,15.6,3
2024-04-25,Salade,139,187,0,10.4,4
2024-04-26,Salade,110,181,0,6.4,5
2024-04-27,Salade,148,200,0,13.9,6
2024-04-28,Salade,137,182,0,19.3,7
2024-04-29,Salade,150,174,1,14.3,1
2024-04-30,Salade,117,149,0,7.6,2
2024-05-01,Salade,154,178,0,25.6,3
2024-05-02,Salade,143,204,1,12.5,4
2024-05-03,Salade,140,196,0,19.9,5
2024-05-04,Salade,142,197,1,8.4,6
2024-05-05,Salade,162,237,0,21.9,7
2024-05-06,Salade,133,171,0,19.7,1
2024-05-07,Salade,140,202,0,23.8,2
2024-05-08,Salade,126,155,0,17.2,3
2024-05-09,Salade,135,166,0,26.6,4
2024-05-10,Salade,143,204,1,18.4,5
2024-05-11,Salade,139,164,0,22.5,6
2024-05-12,Salade,145,175,0,21.2,7
2024-05-13,Salade,154,214,1,22.3,1
2024-05-14,Salade,144,199,0,24.4,2
2024-05-15,Salade,138,175,0,16.4,3
2024-05-16,Salade,150,209,1,23.5,4
2024-05-17,Salade,133,184,0,17.9,5
2024-05-18,Salade,156,233,1,16.9,6
2024-05-19,Salade,155,208,0,29.2,7
2024-05-20,Salade,131,170,0,21.6,1
2024-05-21,Salade,132,161,0,24.0,2
2024-05-22,Salade,120,161,0,10.2,3
2024-05-23,Salade,136,213,0,26.7,4
2024-05-24,Salade,135,185,0,18.8,5
2024-05-25,Salade,141,205,0,18.5,6
2024-05-26,Salade,142,175,0,23.8,7
2024-05-27,Salade,136,180,1,20.5,1
2024-05-28,Salade,161,183,0,31.1,2
2024-05-29,Salade,145,169,0,22.4,3
2024-05-30,Salade,117,179,0,18.0,4
2024-05-31,Salade,127,173,0,22.6,5
2024-06-01,Salade,152,179,0,17.9,6
2024-06-02,Salade,149,210,0,25.8,7
2024-06-03,Salade,131,166,0,32.1,1
2024-06-04,Salade,133,189,0,20.3,2
2024-06-05,Salade,145,194,0,25.9,3
2024-06-06,Salade,148,179,1,18.3,4
2024-06-07,Salade,155,219,1,17.7,5
2024-06-08,Salade,159,208,1,16.7,6
2024-06-09,Salade,147,169,0,17.7,7
2024-06-10,Salade,159,182,1,31.0,1
2024-06-11,Salade,138,216,0,24.4,2
2024-06-12,Salade,121,183,0,20.5,3
2024-06-13,Salade,126,157,0,16.5,4
2024-06-14,Salade,130,204,0,17.0,5
2024-06-15,Salade,145,197,0,23.2,6
2024-06-16,Salade,129,204,0,18.7,7
2024-06-17,Salade,132,195,0,31.7,1
2024-06-18,Salade,139,178,0,24.0,2
2024-06-19,Salade,138,213,0,19.6,3
2024-06-20,Salade,140,182,0,20.0,4
2024-06-21,Salade,144,209,1,20.9,5
2024-06-22,Salade,138,210,0,17.0,6
2024-06-23,Salade,161,197,1,29.3,7
2024-06-24,Salade,146,182,0,25.6,1
2024-06-25,Salade,144,221,0,26.3,2
2024-06-26,Salade,129,184,0,21.3,3
2024-06-27,Salade,131,164,0,17.2,4
2024-06-28,Salade,136,168,0,20.1,5
2024-06-29,Salade,162,200,1,20.9,6
2024-06-30,Salade,167,199,1,26.2,7
2024-07-01,Salade,143,221,0,17.3,1
2024-07-02,Salade,151,223,0,18.1,2
2024-07-03,Salade,135,186,0,17.4,3
2024-07-04,Salade,128,181,0,12.6,4
2024-07-05,Salade,133,211,0,25.7,5
2024-07-06,Salade,177,251,1,26.8,6
2024-07-07,Salade,153,184,0,28.2,7
2024-07-08,Salade,147,186,0,22.4,1
2024-07-09,Salade,125,153,0,21.7,2
2024-07-10,Salade,144,186,0,23.3,3
2024-07-11,Salade,149,214,1,19.4,4
2024-07-12,Salade,163,210,1,24.6,5
2024-07-13,Salade,151,225,0,29.2,6
2024-07-14,Salade,144,207,0,17.2,7
2024-07-15,Salade,135,161,1,21.0,1
2024-07-16,Salade,137,172,0,18.9,2
2024-07-17,Salade,146,184,1,22.5,3
2024-07-18,Salade,120,174,0,20.9,4
2024-07-19,Salade,111,168,0,15.6,5
2024-07-20,Salade,151,209,0,23.5,6
2024-07-21,Salade,160,221,0,23.6,7
2024-07-22,Salade,142,182,0,19.1,1
2024-07-23,Salade,133,164,1,22.5,2
2024-07-24,Salade,137,202,0,20.5,3
2024-07-25,Salade,127,154,0,20.2,4
2024-07-26,Salade,143,209,0,23.3,5
2024-07-27,Salade,156,179,1,27.3,6
2024-07-28,Salade,143,164,0,22.7,7
2024-07-29,Salade,147,202,0,27.4,1
2024-07-30,Salade,129,180,0,20.9,2
2024-07-31,Salade,124,144,0,13.6,3
2024-08-01,Salade,152,181,0,28.1,4
2024-08-02,Salade,158,186,0,22.3,5
2024-08-03,Salade,154,199,0,26.8,6
2024-08-04,Salade,162,210,0,23.0,7
2024-08-05,Salade,126,189,0,13.5,1
2024-08-06,Salade,139,189,0,26.0,2
2024-08-07,Salade,142,181,0,28.7,3
2024-08-08,Salade,149,223,0,18.8,4
2024-08-09,Salade,143,206,0,27.6,5
2024-08-10,Salade,166,199,1,24.6,6
2024-08-11,Salade,160,211,1,20.2,7
2024-08-12,Salade,130,181,0,28.5,1
2024-08-13,Salade,168,193,0,29.0,2
2024-08-14,Salade,130,209,0,17.2,3
2024-08-15,Salade,139,206,0,28.4,4
2024-08-16,Salade,154,225,0,26.8,5
2024-08-17,Salade,170,237,0,29.6,6
2024-08-18,Salade,138,216,0,21.8,7
2024-08-19,Salade,134,198,0,16.4,1
2024-08-20,Salade,134,203,0,21.6,2
2024-08-21,Salade,131,191,0,17.8,3
2024-08-22,Salade,151,174,1,21.5,4
2024-08-23,Salade,139,216,0,22.1,5
2024-08-24,Salade,151,217,0,21.5,6
2024-08-25,Salade,144,215,0,35.2,7
2024-08-26,Salade,147,197,0,20.9,1
2024-08-27,Salade,139,201,0,17.7,2
2024-08-28,Salade,136,156,0,25.2,3
2024-08-29,Salade,135,201,0,16.6,4
2024-08-30,Salade,140,194,0,19.4,5
2024-08-31,Salade,156,232,0,23.5,6
2024-09-01,Salade,152,176,0,30.6,7
2024-09-02,Salade,136,182,0,35.2,1
2024-09-03,Salade,142,173,0,23.3,2
2024-09-04,Salade,135,195,0,18.6,3
2024-09-05,Salade,140,202,1,21.4,4
2024-09-06,Salade,151,205,0,21.7,5
2024-09-07,Salade,139,172,0,17.5,6
2024-09-08,Salade,152,188,0,25.7,7
2024-09-09,Salade,140,162,0,28.0,1
2024-09-10,Salade,160,187,1,21.5,2
2024-09-11,Salade,146,196,0,21.0,3
2024-09-12,Salade,126,149,0,18.1,4
2024-09-13,Salade,160,195,1,33.7,5
2024-09-14,Salade,160,191,0,33.2,6
2024-09-15,Salade,152,227,0,18.9,7
2024-09-16,Salade,134,168,0,21.4,1
2024-09-17,Salade,135,162,0,24.1,2
2024-09-18,Salade,144,202,0,24.9,3
2024-09-19,Salade,138,161,0,29.7,4
2024-09-20,Salade,134,155,0,18.6,5
2024-09-21,Salade,167,231,0,27.5,6
2024-09-22,Salade,153,211,0,22.2,7
2024-09-23,Salade,124,169,0,21.3,1
2024-09-24,Salade,125,183,0,14.0,2
2024-09-25,Salade,125,199,0,14.0,3
2024-09-26,Salade,142,161,0,20.6,4
2024-09-27,Salade,134,171,0,14.6,5
2024-09-28,Salade,143,178,0,28.8,6
2024-09-29,Salade,154,208,0,25.4,7
2024-09-30,Salade,137,169,0,18.8,1
2024-10-01,Salade,40,74,0,2.2,2
2024-10-02,Salade,74,116,0,15.3,3
2024-10-03,Salade,58,110,0,6.5,4
2024-10-04,Salade,42,72,0,11.7,5
2024-10-05,Salade,53,100,0,5.6,6
2024-10-06,Salade,58,117,0,8.4,7
2024-10-07,Salade,49,95,0,12.4,1
2024-10-08,Salade,41,86,0,8.6,2
2024-10-09,Salade,69,139,1,11.0,3
2024-10-10,Salade,50,81,0,14.3,4
2024-10-11,Salade,48,95,0,6.3,5
2024-10-12,Salade,54,82,0,17.8,6
2024-10-13,Salade,63,119,1,7.9,7
2024-10-14,Salade,50,89,0,10.4,1
2024-10-15,Salade,66,101,1,21.2,2
2024-10-16,Salade,49,108,0,12.0,3
2024-10-17,Salade,44,97,0,5.0,4
2024-10-18,Salade,45,81,0,7.5,5
2024-10-19,Salade,61,88,0,0.0,6
2024-10-20,Salade,85,137,1,8.1,7
2024-10-21,Salade,57,84,0,13.2,1
2024-10-22,Salade,42,89,0,11.9,2
2024-10-23,Salade,62,102,0,8.3,3
2024-10-24,Salade,33,106,0,5.6,4
2024-10-25,Salade,61,89,0,11.1,5
2024-10-26,Salade,49,115,0,8.9,6
2024-10-27,Salade,58,106,0,13.3,7
2024-10-28,Salade,50,106,0,12.7,1
2024-10-29,Salade,59,95,0,8.7,2
2024-10-30,Salade,50,121,0,12.2,3
2024-10-31,Salade,42,97,0,9.0,4
2024-11-01,Salade,46,116,0,14.9,5
2024-11-02,Salade,77,149,0,14.8,6
2024-11-03,Salade,59,87,0,10.8,7
2024-11-04,Salade,54,129,0,16.3,1
2024-11-05,Salade,33,54,0,0.0,2
2024-11-06,Salade,50,82,0,11.6,3
2024-11-07,Salade,61,105,0,9.1,4
2024-11-08,Salade,60,110,0,20.6,5
2024-11-09,Salade,52,114,0,9.0,6
2024-11-10,Salade,63,141,0,14.2,7
2024-11-11,Salade,46,104,0,4.4,1
2024-11-12,Salade,69,125,1,15.6,2
2024-11-13,Salade,44,104,1,8.7,3
2024-11-14,Salade,73,112,1,15.6,4
2024-11-15,Salade,61,130,0,5.8,5
2024-11-16,Salade,56,132,0,15.2,6
2024-11-17,Salade,58,98,0,7.4,7
2024-11-18,Salade,62,111,0,11.4,1
2024-11-19,Salade,40,92,0,2.9,2
2024-11-20,Salade,45,104,0,0.0,3
2024-11-21,Salade,51,94,0,10.2,4
2024-11-22,Salade,55,117,0,5.9,5
2024-11-23,Salade,60,91,0,12.1,6
2024-11-24,Salade,64,112,0,12.0,7
2024-11-25,Salade,63,105,0,17.0,1
2024-11-26,Salade,54,109,0,12.8,2
2024-11-27,Salade,48,68,0,3.7,3
2024-11-28,Salade,54,100,0,16.9,4
2024-11-29,Salade,44,73,0,9.9,5
2024-11-30,Salade,60,82,0,27.5,6
2024-12-01,Salade,71,138,1,17.1,7
2024-12-02,Salade,38,101,0,1.5,1
2024-12-03,Salade,37,59,0,12.0,2
2024-12-04,Salade,63,103,1,6.0,3
2024-12-05,Salade,64,87,1,8.0,4
2024-12-06,Salade,64,94,0,12.5,5
2024-12-07,Salade,62,128,0,6.0,6
2024-12-08,Salade,59,98,0,17.1,7
2024-12-09,Salade,42,102,0,2.7,1
2024-12-10,Salade,38,102,0,13.7,2
2024-12-11,Salade,54,96,0,10.1,3
2024-12-12,Salade,58,80,0,14.5,4
2024-12-13,Salade,43,67,0,1.1,5
2024-12-14,Salade,44,120,0,14.8,6
2024-12-15,Salade,53,111,0,9.1,7
2024-12-16,Salade,37,58,0,6.3,1
2024-12-17,Salade,38,92,0,7.0,2
2024-12-18,Salade,54,123,0,13.3,3
2024-12-19,Salade,37,104,0,5.7,4
2024-12-20,Salade,40,118,0,17.3,5
2024-12-21,Salade,60,112,0,17.5,6
2024-12-22,Salade,83,111,1,12.1,7
2024-12-23,Salade,50,115,1,0.0,1
2024-12-24,Salade,58,78,0,14.9,2
2024-12-25,Salade,61,103,1,5.8,3
2024-12-26,Salade,44,68,0,8.2,4
2024-12-27,Salade,53,128,0,11.2,5
2024-12-28,Salade,56,88,0,14.2,6
2024-12-29,Salade,52,87,0,13.2,7
2024-12-30,Salade,60,133,0,15.3,1
2024-12-31,Salade,44,99,0,0.6,2
2024-01-01,Jus d'orange,135,172,0,13.5,1
2024-01-02,Jus d'orange,126,177,0,8.0,2
2024-01-03,Jus d'orange,128,206,0,9.7,3
2024-01-04,Jus d'orange,133,191,0,19.4,4
2024-01-05,Jus d'orange,120,144,0,10.0,5
2024-01-06,Jus d'orange,134,184,0,12.1,6
2024-01-07,Jus d'orange,134,204,1,4.4,7
2024-01-08,Jus d'orange,122,195,0,6.1,1
2024-01-09,Jus d'orange,144,180,1,16.1,2
2024-01-10,Jus d'orange,118,149,0,6.7,3
2024-01-11,Jus d'orange,112,148,0,5.0,4
2024-01-12,Jus d'orange,142,166,1,9.4,5
2024-01-13,Jus d'orange,119,143,0,7.3,6
2024-01-14,Jus d'orange,135,161,0,10.8,7
2024-01-15,Jus d'orange,124,197,0,4.1,1
2024-01-16,Jus d'orange,137,164,1,12.1,2
2024-01-17,Jus d'orange,119,144,0,10.2,3
2024-01-18,Jus d'orange,127,163,0,11.9,4
2024-01-19,Jus d'orange,136,167,0,6.8,5
2024-01-20,Jus d'orange,130,184,0,10.9,6
2024-01-21,Jus d'orange,123,164,0,5.4,7
2024-01-22,Jus d'orange,118,183,0,11.4,1
2024-01-23,Jus d'orange,126,189,0,9.6,2
2024-01-24,Jus d'orange,121,192,0,5.6,3
2024-01-25,Jus d'orange,119,186,0,14.1,4
2024-01-26,Jus d'orange,148,169,0,13.9,5
2024-01-27,Jus d'orange,136,189,0,8.9,6
2024-01-28,Jus d'orange,132,195,0,7.5,7
2024-01-29,Jus d'orange,123,142,0,2.3,1
2024-01-30,Jus d'orange,121,171,0,13.6,2
2024-01-31,Jus d'orange,120,164,0,5.7,3
2024-02-01,Jus d'orange,115,143,0,2.0,4
2024-02-02,Jus d'orange,114,182,0,11.3,5
2024-02-03,Jus d'orange,135,177,0,7.5,6
2024-02-04,Jus d'orange,133,194,0,9.6,7
2024-02-05,Jus d'orange,129,159,0,18.5,1
2024-02-06,Jus d'orange,128,165,0,1.4,2
2024-02-07,Jus d'orange,143,174,1,12.5,3
2024-02-08,Jus d'orange,134,207,0,7.6,4
2024-02-09,Jus d'orange,139,200,0,10.8,5
2024-02-10,Jus d'orange,127,184,0,3.1,6
2024-02-11,Jus d'orange,133,160,1,6.1,7
2024-02-12,Jus d'orange,127,184,0,15.0,1
2024-02-13,Jus d'orange,102,158,0,1.9,2
2024-02-14,Jus d'orange,135,164,0,8.0,3
2024-02-15,Jus d'orange,123,149,0,3.5,4
2024-02-16,Jus d'orange,131,165,1,9.9,5
2024-02-17,Jus d'orange,131,206,0,14.9,6
2024-02-18,Jus d'orange,128,152,0,6.5,7
2024-02-19,Jus d'orange,136,174,0,14.3,1
2024-02-20,Jus d'orange,119,197,0,8.3,2
2024-02-21,Jus d'orange,117,193,0,19.3,3
2024-02-22,Jus d'orange,131,182,0,12.4,4
2024-02-23,Jus d'orange,132,200,0,12.8,5
2024-02-24,Jus d'orange,150,189,1,13.5,6
2024-02-25,Jus d'orange,141,165,0,7.6,7
2024-02-26,Jus d'orange,145,166,1,14.6,1
2024-02-27,Jus d'orange,124,189,0,8.9,2
2024-02-28,Jus d'orange,125,191,0,5.1,3
2024-02-29,Jus d'orange,114,153,0,0.0,4
2024-03-01,Jus d'orange,109,150,0,14.9,5
2024-03-02,Jus d'orange,104,155,0,0.0,6
2024-03-03,Jus d'orange,110,189,0,8.6,7
2024-03-04,Jus d'orange,96,125,0,5.1,1
2024-03-05,Jus d'orange,88,134,0,3.1,2
2024-03-06,Jus d'orange,99,151,0,11.3,3
2024-03-07,Jus d'orange,85,150,0,16.7,4
2024-03-08,Jus d'orange,100,132,0,6.2,5
2024-03-09,Jus d'orange,117,148,0,11.6,6
2024-03-10,Jus d'orange,135,193,1,9.8,7
2024-03-11,Jus d'orange,93,117,0,12.2,1
2024-03-12,Jus d'orange,110,167,0,13.7,2
2024-03-13,Jus d'orange,96,140,0,8.5,3
2024-03-14,Jus d'orange,120,182,1,5.5,4
2024-03-15,Jus d'orange,100,147,0,4.5,5
2024-03-16,Jus d'orange,119,159,0,15.3,6
2024-03-17,Jus d'orange,118,177,0,9.7,7
2024-03-18,Jus d'orange,127,187,0,15.2,1
2024-03-19,Jus d'orange,106,154,0,9.5,2
2024-03-20,Jus d'orange,89,114,0,5.5,3
2024-03-21,Jus d'orange,95,142,1,14.2,4
2024-03-22,Jus d'orange,100,131,0,11.8,5
2024-03-23,Jus d'orange,130,207,1,8.5,6
2024-03-24,Jus d'orange,103,136,0,9.7,7
2024-03-25,Jus d'orange,94,172,0,6.9,1
2024-03-26,Jus d'orange,95,146,0,7.7,2
2024-03-27,Jus d'orange,114,193,0,9.0,3
2024-03-28,Jus d'orange,94,170,0,10.5,4
2024-03-29,Jus d'orange,107,184,0,13.5,5
2024-03-30,Jus d'orange,103,150,0,13.3,6
2024-03-31,Jus d'orange,108,143,0,10.8,7
2024-04-01,Jus d'orange,89,133,0,13.2,1
2024-04-02,Jus d'orange,106,167,0,11.0,2
2024-04-03,Jus d'orange,81,116,0,6.3,3
2024-04-04,Jus d'orange,87,165,0,6.8,4
2024-04-05,Jus d'orange,109,153,0,14.7,5
2024-04-06,Jus d'orange,117,153,0,5.5,6
2024-04-07,Jus d'orange,112,188,0,9.6,7
2024-04-08,Jus d'orange,98,117,0,10.5,1
2024-04-09,Jus d'orange,104,169,0,16.5,2
2024-04-10,Jus d'orange,89,146,0,12.3,3
2024-04-11,Jus d'orange,105,178,0,13.1,4
2024-04-12,Jus d'orange,106,125,0,5.3,5
2024-04-13,Jus d'orange,99,150,0,1.5,6
2024-04-14,Jus d'orange,97,165,0,11.7,7
2024-04-15,Jus d'orange,108,182,0,8.2,1
2024-04-16,Jus d'orange,110,167,1,13.4,2
2024-04-17,Jus d'orange,96,152,0,11.2,3
2024-04-18,Jus d'orange,96,125,0,15.8,4
2024-04-19,Jus d'orange,96,131,0,9.9,5
2024-04-20,Jus d'orange,102,179,0,4.9,6
2024-04-21,Jus d'orange,116,194,0,8.5,7
2024-04-22,Jus d'orange,99,131,0,4.0,1
2024-04-23,Jus d'orange,103,176,0,11.2,2
2024-04-24,Jus d'orange,108,143,0,11.9,3
2024-04-25,Jus d'orange,79,101,0,1.2,4
2024-04-26,Jus d'orange,101,140,0,18.8,5
2024-04-27,Jus d'orange,114,166,0,15.3,6
2024-04-28,Jus d'orange,93,162,0,11.8,7
2024-04-29,Jus d'orange,85,146,1,8.5,1
2024-04-30,Jus d'orange,114,143,0,13.5,2
2024-05-01,Jus d'orange,126,201,1,19.8,3
2024-05-02,Jus d'orange,115,175,0,31.8,4
2024-05-03,Jus d'orange,102,127,0,22.5,5
2024-05-04,Jus d'orange,116,156,0,16.0,6
2024-05-05,Jus d'orange,142,211,1,15.4,7
2024-05-06,Jus d'orange,121,193,0,29.8,1
2024-05-07,Jus d'orange,112,157,0,24.9,2
2024-05-08,Jus d'orange,101,157,0,16.5,3
2024-05-09,Jus d'orange,107,169,0,18.8,4
2024-05-10,Jus d'orange,105,163,0,19.7,5
2024-05-11,Jus d'orange,117,191,0,22.8,6
2024-05-12,Jus d'orange,125,189,0,23.7,7
2024-05-13,Jus d'orange,120,148,1,28.1,1
2024-05-14,Jus d'orange,127,154,1,23.3,2
2024-05-15,Jus d'orange,99,130,0,20.2,3
2024-05-16,Jus d'orange,123,161,1,23.7,4
2024-05-17,Jus d'orange,115,192,0,29.2,5
2024-05-18,Jus d'orange,105,133,0,21.1,6
2024-05-19,Jus d'orange,111,166,0,21.4,7
2024-05-20,Jus d'orange,97,162,0,13.5,1
2024-05-21,Jus d'orange,107,136,0,15.7,2
2024-05-22,Jus d'orange,94,145,0,18.2,3
2024-05-23,Jus d'orange,111,153,0,23.0,4
2024-05-24,Jus d'orange,99,149,0,12.4,5
2024-05-25,Jus d'orange,108,172,0,21.6,6
2024-05-26,Jus d'orange,117,167,0,22.6,7
2024-05-27,Jus d'orange,107,181,0,26.6,1
2024-05-28,Jus d'orange,99,135,0,16.3,2
2024-05-29,Jus d'orange,130,163,1,27.6,3
2024-05-30,Jus d'orange,129,173,1,29.6,4
2024-05-31,Jus d'orange,96,127,0,21.8,5
2024-06-01,Jus d'orange,122,176,0,28.2,6
2024-06-02,Jus d'orange,118,196,0,20.5,7
2024-06-03,Jus d'orange,108,144,0,19.5,1
2024-06-04,Jus d'orange,119,197,0,22.2,2
2024-06-05,Jus d'orange,115,173,0,33.1,3
2024-06-06,Jus d'orange,109,166,0,22.5,4
2024-06-07,Jus d'orange,121,142,1,20.9,5
2024-06-08,Jus d'orange,116,172,0,24.2,6
2024-06-09,Jus d'orange,121,154,0,22.3,7
2024-06-10,Jus d'orange,112,160,0,20.5,1
2024-06-11,Jus d'orange,109,169,0,19.3,2
2024-06-12,Jus d'orange,95,135,0,22.7,3
2024-06-13,Jus d'orange,121,189,0,25.4,4
2024-06-14,Jus d'orange,119,170,0,28.8,5
2024-06-15,Jus d'orange,114,141,0,15.1,6
2024-06-16,Jus d'orange,109,186,0,17.3,7
2024-06-17,Jus d'orange,119,191,0,25.7,1
2024-06-18,Jus d'orange,116,167,1,31.7,2
2024-06-19,Jus d'orange,106,168,0,29.3,3
2024-06-20,Jus d'orange,91,119,0,22.7,4
2024-06-21,Jus d'orange,112,183,0,29.7,5
2024-06-22,Jus d'orange,129,194,1,25.6,6
2024-06-23,Jus d'orange,109,160,0,14.2,7
2024-06-24,Jus d'orange,109,154,0,22.7,1
2024-06-25,Jus d'orange,97,166,0,19.9,2
2024-06-26,Jus d'orange,108,159,0,19.3,3
2024-06-27,Jus d'orange,114,188,0,27.6,4
2024-06-28,Jus d'orange,104,173,0,18.8,5
2024-06-29,Jus d'orange,125,154,0,29.7,6
2024-06-30,Jus d'orange,104,162,0,17.0,7
2024-07-01,Jus d'orange,109,146,0,21.4,1
2024-07-02,Jus d'orange,98,153,0,19.0,2
2024-07-03,Jus d'orange,113,175,0,23.7,3
2024-07-04,Jus d'orange,89,125,0,19.2,4
2024-07-05,Jus d'orange,135,211,1,26.4,5
2024-07-06,Jus d'orange,111,158,0,18.5,6
2024-07-07,Jus d'orange,104,135,0,17.9,7
2024-07-08,Jus d'orange,108,171,1,19.7,1
2024-07-09,Jus d'orange,100,150,0,19.5,2
2024-07-10,Jus d'orange,84,157,0,22.4,3
2024-07-11,Jus d'orange,119,147,0,28.0,4
2024-07-12,Jus d'orange,98,144,0,19.2,5
2024-07-13,Jus d'orange,111,164,0,25.2,6
2024-07-14,Jus d'orange,124,146,0,20.1,7
2024-07-15,Jus d'orange,103,147,0,27.7,1
2024-07-16,Jus d'orange,109,147,0,22.7,2
2024-07-17,Jus d'orange,122,156,0,23.1,3
2024-07-18,Jus d'orange,122,198,0,25.9,4
2024-07-19,Jus d'orange,112,178,0,26.6,5
2024-07-20,Jus d'orange,116,169,0,22.2,6
2024-07-21,Jus d'orange,144,212,1,31.5,7
2024-07-22,Jus d'orange,111,140,0,25.3,1
2024-07-23,Jus d'orange,108,181,0,21.4,2
2024-07-24,Jus d'orange,103,126,0,18.3,3
2024-07-25,Jus d'orange,103,181,0,22.7,4
2024-07-26,Jus d'orange,114,172,0,26.9,5
2024-07-27,Jus d'orange,109,181,0,23.3,6
2024-07-28,Jus d'orange,120,197,0,28.8,7
2024-07-29,Jus d'orange,93,164,0,12.5,1
2024-07-30,Jus d'orange,104,159,0,22.1,2
2024-07-31,Jus d'orange,107,180,0,14.9,3
2024-08-01,Jus d'orange,112,166,0,23.4,4
2024-08-02,Jus d'orange,91,127,0,15.6,5
2024-08-03,Jus d'orange,114,181,0,16.1,6
2024-08-04,Jus d'orange,122,188,0,28.2,7
2024-08-05,Jus d'orange,100,131,0,23.1,1
2024-08-06,Jus d'orange,109,134,1,12.7,2
2024-08-07,Jus d'orange,107,160,0,19.3,3
2024-08-08,Jus d'orange,103,128,0,21.9,4
2024-08-09,Jus d'orange,125,200,0,27.9,5
2024-08-10,Jus d'orange,118,191,0,20.3,6
2024-08-11,Jus d'orange,124,178,0,29.8,7
2024-08-12,Jus d'orange,102,152,0,20.9,1
2024-08-13,Jus d'orange,102,171,1,18.8,2
2024-08-14,Jus d'orange,100,177,0,20.6,3
2024-08-15,Jus d'orange,103,125,0,13.2,4
2024-08-16,Jus d'orange,118,141,1,19.7,5
2024-08-17,Jus d'orange,122,172,1,16.0,6
2024-08-18,Jus d'orange,123,173,1,20.6,7
2024-08-19,Jus d'orange,114,168,0,23.1,1
2024-08-20,Jus d'orange,102,173,0,20.6,2
2024-08-21,Jus d'orange,110,174,0,30.1,3
2024-08-22,Jus d'orange,106,166,0,23.3,4
2024-08-23,Jus d'orange,117,173,0,21.7,5
2024-08-24,Jus d'orange,131,152,1,21.3,6
2024-08-25,Jus d'orange,126,149,0,24.7,7
2024-08-26,Jus d'orange,111,186,1,18.4,1
2024-08-27,Jus d'orange,109,187,0,28.7,2
2024-08-28,Jus d'orange,96,173,0,21.1,3
2024-08-29,Jus d'orange,107,149,0,15.5,4
2024-08-30,Jus d'orange,101,167,0,16.2,5
2024-08-31,Jus d'orange,121,186,0,29.0,6
2024-09-01,Jus d'orange,112,145,0,17.8,7
2024-09-02,Jus d'orange,98,128,0,19.7,1
2024-09-03,Jus d'orange,119,179,1,24.5,2
2024-09-04,Jus d'orange,119,196,1,21.2,3
2024-09-05,Jus d'orange,107,173,0,21.1,4
2024-09-06,Jus d'orange,102,125,0,26.1,5
2024-09-07,Jus d'orange,121,167,0,22.2,6
2024-09-08,Jus d'orange,127,201,0,29.8,7
2024-09-09,Jus d'orange,106,167,0,18.8,1
2024-09-10,Jus d'orange,110,150,0,19.0,2
2024-09-11,Jus d'orange,109,141,0,14.8,3
2024-09-12,Jus d'orange,93,147,0,7.5,4
2024-09-13,Jus d'orange,124,164,0,24.5,5
2024-09-14,Jus d'orange,126,164,0,25.0,6
2024-09-15,Jus d'orange,124,175,0,17.8,7
2024-09-16,Jus d'orange,107,171,0,20.1,1
2024-09-17,Jus d'orange,107,180,0,27.4,2
2024-09-18,Jus d'orange,119,174,1,24.6,3
2024-09-19,Jus d'orange,114,152,0,26.3,4
2024-09-20,Jus d'orange,116,154,0,26.9,5
2024-09-21,Jus d'orange,136,159,0,24.3,6
2024-09-22,Jus d'orange,126,187,1,20.1,7
2024-09-23,Jus d'orange,104,153,0,16.8,1
2024-09-24,Jus d'orange,138,175,1,26.5,2
2024-09-25,Jus d'orange,84,127,0,13.6,3
2024-09-26,Jus d'orange,114,185,0,27.7,4
2024-09-27,Jus d'orange,97,136,0,13.6,5
2024-09-28,Jus d'orange,108,129,0,17.2,6
2024-09-29,Jus d'orange,139,168,0,23.4,7
2024-09-30,Jus d'orange,113,180,0,19.7,1
2024-10-01,Jus d'orange,91,120,0,5.0,2
2024-10-02,Jus d'orange,100,159,0,4.7,3
2024-10-03,Jus d'orange,99,163,0,3.7,4
2024-10-04,Jus d'orange,105,164,0,15.4,5
2024-10-05,Jus d'orange,115,160,0,2.0,6
2024-10-06,Jus d'orange,119,162,0,4.6,7
2024-10-07,Jus d'orange,106,127,0,21.5,1
2024-10-08,Jus d'orange,120,149,0,18.1,2
2024-10-09,Jus d'orange,104,157,0,16.1,3
2024-10-10,Jus d'orange,103,158,0,9.1,4
2024-10-11,Jus d'orange,99,137,0,2.0,5
2024-10-12,Jus d'orange,110,187,0,9.4,6
2024-10-13,Jus d'orange,102,134,0,6.0,7
2024-10-14,Jus d'orange,104,136,0,5.5,1
2024-10-15,Jus d'orange,72,118,0,9.6,2
2024-10-16,Jus d'orange,99,132,0,17.7,3
2024-10-17,Jus d'orange,85,127,0,12.9,4
2024-10-18,Jus d'orange,105,126,0,16.7,5
2024-10-19,Jus d'orange,114,187,0,2.2,6
2024-10-20,Jus d'orange,103,160,0,4.3,7
2024-10-21,Jus d'orange,100,145,0,9.8,1
2024-10-22,Jus d'orange,87,106,0,0.2,2
2024-10-23,Jus d'orange,97,145,0,18.4,3
2024-10-24,Jus d'orange,105,129,0,5.1,4
2024-10-25,Jus d'orange,111,138,0,18.7,5
2024-10-26,Jus d'orange,129,175,1,8.4,6
2024-10-27,Jus d'orange,107,147,0,4.1,7
2024-10-28,Jus d'orange,82,144,0,9.6,1
2024-10-29,Jus d'orange,107,173,1,8.5,2
2024-10-30,Jus d'orange,86,113,0,5.1,3
2024-10-31,Jus d'orange,92,124,0,11.0,4
2024-11-01,Jus d'orange,135,188,1,9.6,5
2024-11-02,Jus d'orange,143,199,0,19.9,6
2024-11-03,Jus d'orange,147,173,1,5.2,7
2024-11-04,Jus d'orange,136,165,0,17.9,1
2024-11-05,Jus d'orange,135,205,0,15.1,2
2024-11-06,Jus d'orange,122,195,0,8.1,3
2024-11-07,Jus d'orange,129,205,0,13.1,4
2024-11-08,Jus d'orange,127,168,0,13.4,5
2024-11-09,Jus d'orange,124,168,0,13.9,6
2024-11-10,Jus d'orange,130,163,0,9.1,7
2024-11-11,Jus d'orange,119,184,0,10.0,1
2024-11-12,Jus d'orange,107,181,0,4.2,2
2024-11-13,Jus d'orange,143,219,0,17.6,3
2024-11-14,Jus d'orange,142,201,1,10.9,4
2024-11-15,Jus d'orange,117,185,0,7.2,5
2024-11-16,Jus d'orange,120,192,0,1.6,6
2024-11-17,Jus d'orange,135,207,0,9.0,7
2024-11-18,Jus d'orange,120,147,0,10.4,1
2024-11-19,Jus d'orange,113,175,0,5.7,2
2024-11-20,Jus d'orange,130,208,0,14.3,3
2024-11-21,Jus d'orange,146,195,1,10.8,4
2024-11-22,Jus d'orange,135,180,1,6.2,5
2024-11-23,Jus d'orange,109,150,0,11.4,6
2024-11-24,Jus d'orange,141,177,0,21.4,7
2024-11-25,Jus d'orange,116,193,0,5.2,1
2024-11-26,Jus d'orange,119,156,0,17.7,2
2024-11-27,Jus d'orange,152,227,1,23.2,3
2024-11-28,Jus d'orange,137,210,0,12.6,4
2024-11-29,Jus d'orange,119,190,0,6.6,5
2024-11-30,Jus d'orange,132,189,0,8.9,6
2024-12-01,Jus d'orange,122,199,0,8.5,7
2024-12-02,Jus d'orange,117,170,0,3.1,1
2024-12-03,Jus d'orange,137,162,0,11.3,2
2024-12-04,Jus d'orange,105,182,0,0.0,3
2024-12-05,Jus d'orange,130,176,0,10.3,4
2024-12-06,Jus d'orange,122,163,0,9.9,5
2024-12-07,Jus d'orange,131,181,0,10.7,6
2024-12-08,Jus d'orange,145,171,0,10.8,7
2024-12-09,Jus d'orange,118,165,0,3.9,1
2024-12-10,Jus d'orange,116,172,0,12.8,2
2024-12-11,Jus d'orange,133,207,0,0.0,3
2024-12-12,Jus d'orange,113,135,0,9.4,4
2024-12-13,Jus d'orange,120,186,0,10.6,5
2024-12-14,Jus d'orange,126,152,0,6.8,6
2024-12-15,Jus d'orange,125,145,0,10.9,7
2024-12-16,Jus d'orange,115,182,0,14.6,1
2024-12-17,Jus d'orange,119,181,0,1.8,2
2024-12-18,Jus d'orange,137,168,0,15.5,3
2024-12-19,Jus d'orange,120,195,0,8.7,4
2024-12-20,Jus d'orange,121,149,0,9.2,5
2024-12-21,Jus d'orange,133,198,0,8.2,6
2024-12-22,Jus d'orange,151,209,1,10.3,7
2024-12-23,Jus d'orange,115,187,0,3.0,1
2024-12-24,Jus d'orange,124,188,0,3.7,2
2024-12-25,Jus d'orange,128,196,0,14.1,3
2024-12-26,Jus d'orange,141,199,0,17.3,4
2024-12-27,Jus d'orange,124,187,0,12.5,5
2024-12-28,Jus d'orange,143,183,0,21.5,6
2024-12-29,Jus d'orange,133,206,0,12.5,7
2024-12-30,Jus d'orange,121,168,0,14.7,1
2024-12-31,Jus d'orange,129,173,0,11.7,2
